"Date:","18/04/2024 23:02:24"
"Tool:","Eeschema 7.0.9"
"Component Count:","68"

"Collated Components:"

"Item","Qty","Reference(s)","Value","LibPart","Footprint","Datasheet","DNP","Description","Link","Link2","Manufacturer","Role"
"1","1","C1","0.1uF","Device:C","Project-Lib:C_0805_2012Metric","~","","Unpolarized capacitor","https://www.aliexpress.us/item/1005006124283234.html","","","Voltage stabilizer capacitor for 3v3"
"2","3","C2, C3, C13","10pF","Device:C","Project-Lib:C_0603_1608Metric","~","","Unpolarized capacitor","https://www.aliexpress.us/item/1005006124283234.html","","","Capacitor for oscilator"
"3","4","C4, C5, C6, C8","0.1uF","Device:C","Project-Lib:C_0603_1608Metric","~","","Unpolarized capacitor","https://www.aliexpress.us/item/1005006124283234.html","","","Voltage stabilizer capacitor for 3v3"
"4","2","C7, C14","1uF","Device:C","Project-Lib:C_0603_1608Metric","~","","Unpolarized capacitor","https://www.aliexpress.us/item/1005006124283234.html","","","Voltage stabilizer capacitor for VDD_SPI"
"5","3","C9, C10, C19","1uF","Device:C","Project-Lib:C_0805_2012Metric","~","","Unpolarized capacitor","https://www.aliexpress.us/item/1005006124283234.html","","","Voltage stabilizer capacitor for VBAT"
"6","3","C11, C12, C15","10uF","Device:C","Project-Lib:C_0603_1608Metric","~","","Unpolarized capacitor","https://www.aliexpress.us/item/1005006124283234.html","","","Capacitor for vbat"
"7","1","C16","12nF 200V","Device:C_Small","Project-Lib:C_1206","~","","High voltage unpolarized capacitor SMD 1206  12nF 200V","https://www.aliexpress.us/item/1005004628006766.html","","","Complementary component for EL driver chip"
"8","1","C17","4.7uF","Device:C_Small","Project-Lib:C_1206","~","","Unpolarized capacitor","https://www.aliexpress.us/item/1005006124283234.html","","","Input capacitor"
"9","1","C18","0.1uF","Device:C_Small","Project-Lib:C_1206","~","","Unpolarized Capacitor","https://www.aliexpress.us/item/1005006124283234.html","","","Input capacitor"
"10","2","D1, D4","LED RED","Device:LED","Project-Lib:HOLE_LED_0805_2012Metric","~","","SMD 0805 LED Color RED","https://www.aliexpress.us/item/4000936781234.html","","","LED TOP"
"11","1","D2","020 SMD Side View LED White 6000K","Device:LED","Project-Lib:SMD-LED-Side-View","~","","SMD 020 Side View bright LED","https://www.aliexpress.us/item/32419907074.html","","","Flashlight, Led bottom"
"12","2","D3, D5","LED BLUE","Device:LED","Project-Lib:HOLE_LED_0805_2012Metric","~","","SMD 0805 Blue LED","https://www.aliexpress.us/item/4000936781234.html","","","LED STBY"
"13","2","D6, D7","US1D","Diode:US1D","Project-Lib:US1D","https://www.diodes.com/assets/Datasheets/ds16008.pdf","","SMD schottky diode","https://www.aliexpress.us/item/1005005254835443.html","","","Complementary part for EL driver chip"
"14","1","J1","TYPE-C-31-M-12","Project-Lib:TYPE-C-31-M-12","Project-Lib:HRO_TYPE-C-31-M-12","https://www.lcsc.com/datasheet/lcsc_datasheet_2205251630_Korean-Hroparts-Elec-TYPE-C-31-M-12_C165948.pdf","","USB Type-C Connector","https://jlcpcb.com/partdetail/Korean_HropartsElec-TYPE_C_31_M12/C165948","https://www.snapeda.com/parts/TYPE-C-31-M-12/HRO+Electronics+Co.%252C+Ltd./view-part/?ref=snap","HRO Electronics Co., Ltd.","USB Port for charging and update"
"15","1","J2","FPC 10pin 0.5mm pitch","Project-Lib:687110149022","Project-Lib:687110149022","","","FPC Connector 10 pin 0.5mm pitch","https://www.aliexpress.us/item/10000348360254.html","","","LCD Connector"
"16","1","L1","220uH","Device:L","Project-Lib:Inductor-L_1210_3225Metric","~","","220uH SMD 1210 Inductor","https://www.aliexpress.us/item/32981310345.html","","","Complementary part for EL driver chip"
"17","1","LS1","CMT-7525S-SMT","Project-Lib:CMT-7525S-SMT","Project-Lib:CUI_CMT-7525S-SMT","https://eu.mouser.com/datasheet/2/670/cmt_7525s_smt_tr-1777280.pdf","","7.5 mm, 3.6 Vo-p, 90 dB, Surface Mount (SMT), Magnetic Audio Transducer Buzzer","https://www.aliexpress.us/item/1005003620083880.html","https://eu.mouser.com/ProductDetail/CUI-Devices/CMT-7525S-SMT-TR?qs=qCxwlXJ4fnw4ZHFvNib47A%3D%3D","CUI Devices","Buzzer to play sound"
"18","3","M1, M2, M3","M1.2 screw mount get from DJI Mavic 3 CORE board","Project-Lib:screwMount","Project-Lib:m1.2-screw-mount","https://www.swaco.com/SMTSO-M1.2-2ET-PEM-ReelFast","","Surface mount spacers with thread","https://www.aliexpress.com/i/1005005125674149.html   (SMTSO-M1.2-2)","","","Screw mount for back case"
"19","1","Q1","2N7002LT1G (SOT-23-3)",":2N7002LT1G_1","Project-Lib:SOT95P240X111-3N","https://www.rcscomponents.kiev.ua/datasheets/2n7002lt1g.pdf","","2N7002 N-Channel MOSFET, SOT-23-3 Package","https://www.aliexpress.us/item/1005003909614901.html","https://www.aliexpress.us/item/1005003079655220.html","ON Semiconductor","Driving MOSFET for buzzer"
"20","1","Q2","2N7002LT1G (SOT-23-3)","Project-Lib:2N7002LT1G","Project-Lib:SOT95P240X111-3N","https://www.rcscomponents.kiev.ua/datasheets/2n7002lt1g.pdf","","2N7002 N-Channel MOSFET, SOT-23-3 Package","https://www.aliexpress.us/item/1005003909614901.html","https://www.aliexpress.us/item/1005003079655220.html","ON Semiconductor","Driving MOSFET for Vibro"
"21","4","R1, R7, R8, R22","1K","Device:R","Project-Lib:R_0603_1608Metric","~","","SMD Resistor","","","","Pull-down for buzzer signal"
"22","2","R2, R3","5.1K","Device:R","Project-Lib:R_0603_1608Metric","~","","SMD Resistor","","","","USB Type-C CC Line terminator"
"23","5","R4, R5, R6, R10, R23","R22","Device:R","Project-Lib:R_0603_1608Metric","~","","SMD Resistor","https://www.aliexpress.us/item/1005002364437129.html","","","Current-limiting ressitor for buzzer"
"24","2","R9, R16","10K","Device:R","Project-Lib:R_0603_1608Metric","~","","SMD Resistor","https://www.aliexpress.us/item/1005002364437129.html","","","Current setting resistor more 1K=1A, 10K=100mA"
"25","4","R11, R12, R13, R14","100K","Device:R","Project-Lib:R_0603_1608Metric","~","","SMD Resistor","","","","Part of voltage divider for battery"
"26","1","R15","0 ohm","Device:R","Project-Lib:R_0603_1608Metric","~","","SMD Resistor","","","","Resistor to antenna"
"27","1","R17","560K","Device:R","Project-Lib:R_0603_1608Metric","~","","SMD Resistor","","","","Complementary part for EL Driver IC"
"28","1","R18","2M","Device:R","Project-Lib:R_0603_1608Metric","~","","SMD Resistor","","","","Complementary part for EL Driver IC"
"29","2","R19, R20","4.3K","Device:R","Project-Lib:R_0603_1608Metric","~","","SMD Resistor","","","","Pull-Up for RTC SDA"
"30","1","R21","500R","Device:R","Project-Lib:R_0603_1608Metric","~","","SMD resistor 500 Ohm","","","","Resistor for reducing audible noize"
"31","4","S1, S2, S3, S4","2*4*3.5mm Micro SMD Tact Switch Side Button","Project-Lib:TL3330AF130QG","Project-Lib:SW_TL3330AF130QG","","","SMD Side Tactile Button","https://www.aliexpress.us/item/32880903601.html","","","TOP"
"32","1","U1","ESP32-S2","Project-Lib:ESP32-S2","Project-Lib:QFN-56-1EP_7x7mm_P0.4mm_EP4x4mm_ThermalVias","https://www.espressif.com/sites/default/files/documentation/esp32-s2_datasheet_en.pdf","","ESP32-S2 Programmable Microcontroller Chip","https://www.tme.eu/en/details/esp32s2/iot-wifi-bluetooth-modules/espressif/esp32-s2/","","Espressif","Main controller"
"33","1","U2","ME6211 SOT23-5 3.3V","Project-Lib:LDO_ME6211","Project-Lib:ME6211 SOT-23-5","https://pdf1.alldatasheet.com/datasheet-pdf/download/1138839/ETC2/ME6211.html","","3.3V Step-Down DC-DC Voltage Converter","https://www.aliexpress.us/item/1005006036398325.html","","","Step-down voltage converter"
"34","1","U3","TP4056","Project-Lib:TP4056","Project-Lib:SO08","https://dlnmh9ip6v2uc.cloudfront.net/datasheets/Prototyping/TP4056.pdf","","Battery charging TP4056 IC","https://www.alibaba.com/product-detail/TC4056A-SOP-8-is-compatible-with_1600806443781.html","","Texas Instruments","Battery charger"
"35","1","U4","DS3231S","Project-Lib:DS3231S","Project-Lib:SOIC127P1032X265-16N","https://www.analog.com/media/en/technical-documentation/data-sheets/DS3231.pdf","","SOIC-16 Real Time Clock (RTC) IC Clock/Calendar - I²C, 2-Wire Serial 16-SOIC (0.295, 7.50mm Width)","https://www.analog.com/en/products/ds3231.html","","Analog Devices","Handling Time"
"36","1","U5","Microchip HV857","Project-Lib:HV857","Project-Lib:HV857","https://ww1.microchip.com/downloads/aemDocuments/documents/APID/ProductDocuments/DataSheets/HV857-High-Voltage-Low-Noise-EL-Lamp-Driver-IC-Data-Sheet-DS20005683.pdf","","EL Lamp Driver chip","https://www.aliexpress.us/item/1005005512523052.html","https://www.microchip.com/en-us/product/hv857","microchip","EL Backlight driver IC"
"37","1","Y1","3225 4PIN 40Mhz 3.2*2.5mm Passive SMD Quartz Resonator Crystal","Project-Lib:XRCGB48M000F0Z00R0","Project-Lib:OSC_XRCGB48M000F0Z00R0","","","SMD 3225 4PIN 40Mhz 3.2*2.5mm Passive SMD Quartz Resonator 40.000Mhz","https://www.aliexpress.us/item/1005004689346275.html","","Murata Electronics","Frequency Oscilator"
